id,text,label,Comments
63,"N√£o √© de um comentarista e n√£o √© a maior bizarrice, mas eu amo que num jogo do Corinthians na Libertadores l√° em 2012 jogavam Alessandro e Sheik, ambos carecas, teve um momento que o Alessandro passou a bola pro Sheik e o Cleber Machado simplesmente falou """"Emerson toca para Emerson"""" e ficou por isso mesmo. Eu amo esses bug cerebral que d√° no Cleber Machado",Non-offensive,
65,Pedro melhor que Lewa e Neneca mais pl√°stico que o Courtois,Non-offensive,
67,Eu tenho bem viva na minha mente a lembran√ßa de uma vez em que o Neto falou que fulano era um baita de um jogador e merecia at√© sele√ß√£o brasileira,Non-offensive,
69,Gerson √© melhor que S√©rgio Busquets,Non-offensive,
71,Zidane era lento,Non-offensive,
73,O dia que o Galv√£o Bueno teve a proeza de falar que o time do santos de 2004 era melhor que o time do Cruzeiro de 2003.,Non-offensive,
75,"Nunca ouvi, acho todos bem l√∫cidos e ponderados",Non-offensive,
77,"Eu tenho uma teoria de que o Casagrande dormia nos jogos, e vez em quando algu√©m dava uma cotovelada pra ele falar alguma das frases prontas dele.",Non-offensive,
79,Leonardo Baran comparando Hernane ao Zico!,Non-offensive,
81,"O Hernanes √© muito melhor que o Xavi, n√£o tem nem compara√ß√£o"""" (Telmo Zanini, em 2008)",Non-offensive,
83,Me pega a campanha que fizeram pelo quadrado m√°gico na copa de 2006 e depois do fiasco o sil√™ncio,Non-offensive,
85,Lembro da √©poca que o Citadini participava direto do Mesa Redonda... soltava muita abobrinha.,Non-offensive,
87,"J√° que o Barcelona t√° precisando de lateral, tem uns bons dispon√≠veis: o Fagner do Corinthians, o Jorge do Flamengo",Non-offensive,
89,Vasco claramente superior o jogo todo mas n√£o conseguiu sair com o resultado,Non-offensive,
91,N√£o e a maior mas uma aleat√≥ria que me marcou foi uma narra√ß√£o Vasco e sei l√° quem e o narrador,Non-offensive,
93,Gerson melhor que Busquets uma das maiores,Non-offensive,
95,em 2018 o sormani fez uma proje√ß√£o em que o Felip√£o terminaria ganhando a copa do mundo depois de ganhar tudo com o palmeiras e essa seria sua reden√ß√£o do 7x1,Non-offensive,
97,Um comentarista (que infelizmente esqueci quem √©) que disse que o Hulk era racista por comemorar mostrando os muques (acho que ele pensou que ele imitava um macaco),Non-offensive,
99,O n√≠vel do Flamengo hoje √© muito bom. Mas vamos falar de n√≠vel t√©cnico? Traz o Real Madrid para jogar a S√©rie B aqui. Eu afirmo que n√£o ganha,Non-offensive,
101,"Acho que nada supera o Osvaldo Pascoal, da ESPN. Depois que o PSG foi eliminado pelo Real Madrid na Champions, o programa dele come√ßa e ele comenta por uns 2 minutos que o Casemiro anulou o Messi e tomou conta do meio-campo",Non-offensive,
103,NINGU√âM PARA O FUTURO CAMPE√ÉO BRASILEIRO DE 2023,Non-offensive,
105,descobriremos no mundial de clubes do ano que vem,Non-offensive,
107,"O cara gastou uma grana nesses dentes. E agora, quem assume esse preju√≠zo?",Non-offensive,
109,"Fui ver a tabela final, o Guaratinguet√° foi rebaixado com 41 pontos, os mesmos pontos da 34¬∞ rodada.",Non-offensive,
111,"Jean Lucas mostra dente quebrado depois de vit√≥ria do Santos contra o Flamengo: ""√â guerra"",""""""dente""""",Non-offensive,
113,"Devolvam meu Palmeiras, time campe√£o √© outro n√≠vel",Non-offensive,
115,Time grande depois da queda n√£o tem mais garantia que sobe j√° no ano seguinte e com um p√© nas costas.,Non-offensive,
117,Mas ainda bem que o Sport subiu nesse mesmo ano!!,Non-offensive,
119,"A 10 anos Palmeiras era l√≠der, agora com a Leila √© vice.",Non-offensive,
121,N√£o da ruim usar a identidade visual do clube pra vender produtos?,Non-offensive,
123,"Case para HD externo, de tecido reciclado e canudo reutiliz√°vel (o resto n√£o sei o que √©, devem ser mini-livros). Ecol√≥gico, verde de fato!",Non-offensive,
125,"Ferrugem ser√° a atra√ß√£o musical representando o Fluminense na final.,""A piada t√° pronta j√°",Non-offensive,
127,"Mas n√£o faz sentido, n√©?  Afinal de contas quase nenhum time √© patrocinado por casas de apostas, nem existe uma margem de lucro muito alta nesse cen√°rio.",Non-offensive,
129,"Uma m√©dia superior √† taxa dos √∫ltimos anos, que bom, mas nenhuma anomalia estat√≠stica. Ainda mais se comparamos com as ligas da Europa, que as ligas t√™m m√©dia 2,80+ ou at√© 3,00+",Non-offensive,
131,"Viramos o torneio mais divertido do mundo, pelo menos um jogo da rodada das √∫ltimas 10 teve pelo menos 5 gols",Non-offensive,
133,Meu mano Caz√© dir√° que o Mengudo entrou esse jogo.,Non-offensive,
135,Quando o Gerson foi expulso eu achei que o juiz estava querendo ajudar o Santos. Mas quando o Lucas Braga foi expulso eu tive certeza.,Non-offensive,
137,Quando v√£o convocar o Soteldo? O cara √© venezuelano por acaso?,Non-offensive,
139,Sampaoli ainda √© o culpado?,Non-offensive,
141,"Torcida do Flamengo √© modinha demais puta que pariu, coitado do Bruno Henrique fiquei com pena agora",Non-offensive,
143,"Esse clube √© gigante demais, n√£o d√° nem pra explicar.",Non-offensive,
145,"No dia que o Santos cair, o mundo se acaba. A verdade √© que √© imposs√≠vel o peix√£o ser rebaixado, rapaziada. Sauda√ß√µes alvinegras, circulando.",Non-offensive,
147,Quando o resultado √© uma inc√≥gnita o gato entra numa caixa.,Non-offensive,
149,"Tem que marcar como spoiler p√¥, queria assistir a final sem saber o final",Non-offensive,
151,Deve ter uns tr√™s pentagramas no vesti√°rio,Non-offensive,
153,este menino √© reserva do Breno Lopes?,Non-offensive,
155,Esse est√°dio novo do Atl√©tico parece muito que √© uma arena constru√≠da no nordeste para a Copa do Mundo de 2014,Non-offensive,
157,Chegando agora de quantos a zero o nosso monstruoso Palmeiras t√° goleando o nanico Foguinho (que pipocar√°) ???,Non-offensive,
159,Verdade √© que o Palmeiras t√° apanhando do Botafogo e todo mundo do Palmeiras t√° apanhando pra bola,Non-offensive,
161,Algu√©m me explica o que est√° ocorrendo? Como o Palmeiras t√° levando 3 x 0 no PRIMEIRO tempo?,Non-offensive,
163,"Tava tranquilo pro jogo de hoje... At√© se perdesse... Mas pelo jeito, teremos a primeira goleada da era Abel",Non-offensive,
165,O que deram pro Mar√ßal pra t√° jogando bem?,Non-offensive,
167,√â hoje que eu descubro que tenho problema card√≠aco,Non-offensive,
169,Botafogo perdeu umas 4 chances de ampliar o placar. Agora n√£o tem o que reclamar,Non-offensive,
171,Se o Botafogo perder esse t√≠tulo vai ser a maior pipocada da hist√≥ria?  Tem algum outro que chegaria perto?,Non-offensive,
173,Parab√©ns pelo titulo palmeiras,Non-offensive,
175,Recuperando dados. Aguarde alguns segundos e tente cortar ou copiar novamente.,Non-offensive,
177,Bagrinho soares lascou com o jogo,Non-offensive,
179,"Meu time t√° numa campanha triste, mas s√£o jogos assim que me motivam a acompanhar esse campeonato.",Non-offensive,
181,O Botafogo fez um primeiro tempo n√≠vel Real Madrid e o segundo tempo n√≠vel Madureira,Non-offensive,
183,Esse √© o Cuesta... na meia esquerda,Non-offensive,
185,Palmeiras t√° implorando pelo 4¬∫,Non-offensive,
187,"Vai levar mais, esse time do Palmeiras √© muito 8 ou 80, ou joga igual o Barcelona do Guardiola ou joga igual o Vasco do Barbieri.",Non-offensive,
189,"√â, o campeonato acabou agora n√©, Flamengo e Palmeiras conseguiram ser completamente incompetentes.",Non-offensive,
191,"3 milh√µes por mes pra tomar n√≥ t√°tico do interino do outro time, QUE FASE DO PALMEIRAS",Non-offensive,
193,T√¥ usando agora essa terceira camisa que os jogadores do Palmeiras est√£o usando agora.,Non-offensive,
195,E hoje n√≥s estamos sendo massacrado pelo botafofo e sem chance nenhuma de t√≠tulo,Non-offensive,
197,"por mim nem volta pro segundo tempo, WO √© melhor que essa humilha√ß√£o",Non-offensive,
199,Ningu√©m vai conseguir jogar na pr√≥xima rodada e a gente vai perder pro vasco,Non-offensive,
201,Que beleza. Agora √© o Carli dar aquele discurso no vesti√°rio pros cara n√£o desligar no jogo e seguir,Non-offensive,
203,"Que vareio, vi s√≥ os √∫ltimos 10 minutos e cabia f√°cil uns 3 gols do Botafogo s√≥ nesse tempo",Non-offensive,
205,"Bem eu mesmo na vida,""T√° ostentando com essa superbonder original. Aqui s√≥ tem a gen√©rica.",Non-offensive,
207,As coisas come√ßaram a desandar e ficarem ruins depois que mataram aquele gorila,Non-offensive,
209,Um cara foi fazer uma maratona sem preparo porque o coach dele mandou e foi de base,Non-offensive,
211,"Pior que coach, s√≥ o cliente do coach.",Non-offensive,
213,Tem tanta coisa errrada a√≠ que nada est√° certo...,Non-offensive,
215,As vezes era ch√° de revela√ß√£o u√©,Non-offensive,
217,"Eu moro em Goi√¢nia, e pra ser sincero, todos q conheci at√© hoje n√£o ligam pra isso, apenas continuem o meme.",Non-offensive,
219,"Achei bonito, tem lil√°s?",Non-offensive,
221,"Pronto, agora um pino de 10 vai custar 160 reais por causa dessa moda",Non-offensive,
223,"Porque temos que ser miser√°veis enquanto eles ganham milh√µes com idiotices, muitas vezes",Non-offensive,
225,"Foda, n√£o t√° sobrando grana nem para fazer o pix para os companheiros do jornal...",Non-offensive,
227,N√£o vai fechar as contas?,Non-offensive,
229,"Se para cumprir essa meta a√≠ for necess√°rio sair cortando programa social e tal, ent√£o o problema √© a meta.",Non-offensive,
231,"O estad√£o n√£o mandou nenhuma, quem mandou foi o Lula.",Non-offensive,
233,Estad√£o √© um dos jornais mais reacion√°rios da grande m√≠dia,Non-offensive,
235,pra comprar m√≥veis super caros e viajar por a√≠ tem,Non-offensive,
237,"Acho sempre curioso que nessa discuss√£o de or√ßamento federal essa imprensa nunca compara a situa√ß√£o do Brasil com a de pa√≠ses mais ricos tipo EUA ou Jap√£o, t√£o pouco com nossos pares econ√¥micos como R√∫ssia, √Åfrica do Sul ou Ir√£.",Non-offensive,
239,"Mas pra bancar viagem a galera desse governo √© boa, eu leio not√≠cia s√≥ vejo eles viajando e o pa√≠s as tra√ßas.",Non-offensive,
241,Acho que daria para reorganizar e ainda ficar interessante,Non-offensive,
243,Nunca ouvi falar em um agora ser√° ao cubo!,Non-offensive,
245,Banda de duas ou tr√™s m√∫sicas a√≠. Depois de 2018/2019 n√£o vi ou ouvi absolutamente mais nada deles.,Non-offensive,
247,Isso n√£o √© o normal?,Non-offensive,
249,Uso facilmente pelo menos 2-3 vezes antes de lavar,Non-offensive,
251,O segredo √© pendurar num cabide e deixar tomando ar,Non-offensive,
253,"Eu fiz isso tamb√©m, tirei o aparelho e est√° tudo normal. Eles enrolam mesmo.",Non-offensive,
255,"No meu caso os do peito est√£o nascendo, mas s√£o s√≥ uns fiapos perdidos, a√≠ eu raspo porque fica melhor deixar sem nada do que ter aquela coisinha de nada ali.",Non-offensive,
257,"Tamb√©m acho que n√£o vai mudar muita coisa n√£o, a copa e as elei√ß√µes v√£o der uma mexida nas coisas, o ""fim"" da pandemia tamb√©m.",Non-offensive,
259,"A musiquinha √© maravilhosa. Mas eu sinto que minha vida est√° esvaindo a cada tentativa mal sucedida, a√≠ abandonei.",Non-offensive,
261,"Tem uma narrativa e uma trilha sonora de fundo, muito legal.",Non-offensive,
263,"Eu mudaria meu nome e minha ascend√™ncia se fosse filho de um desses traidores da p√°tria!!! VERGONHA desses parasitas que n√£o honram o nome, a fam√≠lia e o descendentes.,""Vergonha pro Brasil!",Offensive,
265,AEHEAUHEAUEAHUAEHEAU o choro √© livre fascistinha,Offensive,
267,"Bolsotrump, lava toga e a direita do bumbum guloso",Offensive,
269,N√£o deu certo pq essas porra √© tudo caro pra caralho e s√≥ filhinho de papai ou pseudo bloquerinho vai nessa porra a√≠.,Offensive,
271,Motivos tirados do cu.,Offensive,
273,Bostil ...por meio do seu maior An√£o diplom√°tico mostrando sua for√ßa ao mundo. Deve receber o premium IG-NOBEL. TODA VEZ QUE ABRE A BOCA O CHEIRO DE PEIDO/CACHA√áA INFESTA O AMBIENTE. Resultado de um b√™bado falando merda.,Offensive,
275,Cu da Tha√≠s Carla,Offensive,
277,Eu achei que ela estava falando do cu,Offensive,
279,Esse lixo n√£o havia sido exonerada pela farra com dinheiro p√∫blico indo para jogos de futebol ???,Offensive,
281,Ou o bostil mais uma vez n√£o decepciona e mantiveram a mamata dessa verminose p√∫blica ???,Offensive,
283,O butico dela deve ser um esgoto de mercadorias advindas de mangueiras carnudas de  seres humanos do sexo masculino,Offensive,
285,"Vai pra merda, ac√©fala",Offensive,
287,TIRA ESSA PUTA FEIA DA FRENTE DO V√çDEO PARA EU PODER VER MELHOR!!!,Offensive,
289,Imagina que mis√©ria essa vadia n√£o ia fazer com um paciente judeu que tivesse a infelicidade de t√™-la como medica?,Offensive,
291,Talvez o c√©rebro dessa jumenta esteja em um,Offensive,
293,"Que discursinho mais merda esse de """"improdutividade""""",Offensive,
295,Os caras expandiram para a Bahia gra√ßas a esse bosta e ao PT.,Offensive,
297,idiotas que n√£o leem um livro de  historia...,Offensive,
299,5 pirocadas gen√©ticas do Bill Gates e ainda n√£o est√° imunizada. Incr√≠vel.,Offensive,
301,Esse neo liberal de merda.üò°,Offensive,
303,Tem que botar na cabe√ßa dos pvt que chupar o pau dos outro em festa pode transformar teu corpo em uma arma biol√≥gica,Offensive,
305,Conservador burro achando que educa√ß√£o sexual √© ensinar as crian√ßas a fazer sexo.,Offensive,
307,T√≠nhamos 12-13 anos. E quem nos ensinava isso? Era um esquerista trans loka despirocada com mamadeira de piroka?! üòÇ,Offensive,
309,Recuperando dados. Aguarde alguns segundos e tente cortar ou copiar novamente.,Non-offensive,
311,"Basta ver o bando de animal brasileiro e africano entrando no pa√≠s todo dia (e isso j√° h√° muito anos) e que aumentaram exponencialmente as taxas de criminalidade, desemprego, valor dos alugu√©is...",Offensive,
313,O brasileiro √© um orangotango,Offensive,
315,Isso sim √© genoc√≠dio,Offensive,
317,Marginal filho da puta,Offensive,
319,Eu odeio monarquia.bando de parasitas que querem ser suastentados pelo estadoüòí,Offensive,
321,E nessa treta n√£o teve nem um 'bom' ou um 'ruim'. S√£o dois babacas com serios problemas de *self hate* e v√≠cio em lacra√ß√£o de twitter.,Offensive,
323,"Falsa pol√™mica pra caralho, vai tomar no cu, nem devia ter postado isso, quer falar de """"choqueiza√ß√£o de tudo"""" mas posta um postzinho que √© uma perda de tempo do caralho falando """"O que acham disso?"""".",Offensive,
325,"A maioria das coisas a sua volta s√£o exatamente feitas a partir de commodities, seu imbecil, energ√∫meno. commodity √© simplesmente mat√©ria-prima (aqui, na fran√ßa e na inglaterra e no inferno, bicho burro do caralho.)a n√£o ser que a porra do teu celular n√£o tenha uma bateria de l√≠tio e tua casa n√£o seja feita com cimento, seu animal",Offensive,
327,Bom nisso o infeliz ta correto,Offensive,
329,Olha que governo de filho da puta,Offensive,
331,"T√° maluco, tem que ser muito filho da puta",Offensive,
333,"Vai se fuder, tu t√° no Reddit n√£o na folha de S√£o Paulo",Offensive,
335,Bando de fascista filho da puta,Offensive,
337,Bandido bom √© bandido morto,Offensive,
339,Bolsonaro est√° rindo atoa. Assim ele voltar f√°cil. FILHO DA PUTAAAAAAAAAAAAAAAAA,Offensive,
341,"Vai se tratar, inferno!!! ü§¨ü§¨ü§¨ü§¨ü§¨",Offensive,
343,AH VAI SE FUDER,Offensive,
345,"Burraaaaaa. Podia ter parado na metade do coment√°rio, mas resolveu praticar ‚Äúnegacionismo lacrador‚Äù. Marielle teria vergonha dessa imbecilidade",Offensive,
347,"Ah, vai tomar no cu",Offensive,
349,"Algu√©m mande essa mulher se fuder, por favor.",Offensive,
351,"Anielle Franco √© uma idiota, diz eu.",Offensive,
353,Europeu √© filho da puta,Offensive,
355,"TAPETINHO √â MEU PIRU. EI, BOTAFOGO, VAI TOMAR NO CU!",Offensive,
357,Filho de uma puta manca,Offensive,
359,Espero que o Felipe Neto se foda,Offensive,
361,A culpa √© do Tiquinho filho da puta,Offensive,
363,Fala portugu√™s alien√≠gena filho da puta,Offensive,
365,Fala o portugu√™s o filho da puta,Offensive,
367,"Filho da puta mano... O cara errou nos ajustes do time no primeiro tempo, por√©m, sem mexer no time, o cara mudou a marca√ß√£o do time e deixou de ser aquela peneira... Claro que a pipocada do Fog√£o ajudou, mas o homem tem um plano",Offensive,
369,Essa ideia de tratar o outro lado como um bando de retardado s√≥ leva a internet a ser toxica,Offensive,
371,"O PL da Censura n√£o pode passar! Vcs tem cobrado os deputados?,""Cobrar deputado √© t√£o util quanto feriado no domingo""""a mas se for assim eles n√£o v√£o ter eleitores"""" falando isso tu esquece que n√£o importa quanta m3rda um partido fazer eles ainda v√£o ser eleitos,pois todo partido tem seus gados""",Offensive,
373,"Eu mudaria meu nome e minha ascend√™ncia se fosse filho de um desses traidores da p√°tria!!! VERGONHA desses parasitas que n√£o honram o nome, a fam√≠lia e o descendentes.,""Vergonha pro Brasil!",Offensive,
375,AEHEAUHEAUEAHUAEHEAU o choro √© livre fascistinha,Offensive,
377,Jair Bolsonaro √© Canibal,Offensive,
379,"STF decide tirar de Moro investiga√ß√£o sobre Lula,""PTRALHADA FAZENDO O QUE SABE FAZER DE MELHOR: SACANAGEM.",Offensive,
381,"Cara esse argumento √© extremamente burro na boa. O cara est√° no Gr√™mio, recebe 2 milha por m√™s pra jogar, e tem que fazer a diferen√ßa mesmo ueh.",Offensive,
383,Por que esse MERDA n√£o escalou quem fez a diferen√ßa no √∫ltimo jogo? N√£o d√° pra entender.,Offensive,
385,"O cara √© louco, burro ou mentiroso. S√£o tr√™s motivos pra n√£o ser mais treinador do time.",Offensive,
387,o cu dele!,Offensive,
389,"Outra, pode colocar esse gol a√≠ na conta do Grando corno, o time nem organizado tava e ele j√° sai tocando igual um louco, sempre faz isso, doente",Offensive,
391,"Calma chiliquento, d√° uma respirada e quem sabe sugere um nome melhor... Um poss√≠vel que n√£o esteja empregado.",Offensive,
393,Galdino √© um imbecil,Offensive,
395,Thaciano n√£o entregou gol em grenal. Esse Galdino √© um animal.,Offensive,
397,"Se tem outros lixo no time, nao quer dizer que tem que ter outro tao lixo ou menos por muito pouco",Offensive,
399,"E outra, o Br√°ulio √© um palha√ßo",Offensive,
401,Braulio fazendo braulice. √Årbitro horroroso e egoman√≠aco.,Offensive,
403,Al√©m de ser tenebroso de ruim o Br√°ulio t√° totalmente gag√°,Offensive,
405,"Rival gigante se fode, a gente ri!",Offensive,
407,Mais feio que bater na m√£e,Offensive,
409,"Segue o escudo certo: üçø	. Infelizmente √© essa merda a√≠ mesmo",Offensive,
411,"Coloca a copa conmebol, covarde",Offensive,
413,"Bota as ta√ßa guanabara, covarde""",Offensive,
415,Lucas Braga expulso burro pra caralho,Offensive,
417,Que goleiro fudido √© esse?,Offensive,
419,MAICON TA QUERENDO ME FUDER CARALHO? √© s√≥ colocar de titular que esqueceu como jogar?,Offensive,
421,Esse an√£o √© folgado e o filho da puta sabe jogar bola ainda por cima.,Offensive,
423,"Jogada de cavalo retardado, mas me parece coisa pra amarelo, mas sei la tambem sou acostumado com o kanneman",Offensive,
425,CBF VOCE √â UMA VERGONHA,Offensive,
427,Lixo a gente taca fogo,Offensive,
429,"VAI SE FUDER EM O FLAMENGO, ERA S√ì GANHAR DO SANTOS!",Offensive,
431,VAI SE FUDER JOHN TEXTOR,Offensive,
433,VAI TOMAR NO CU BOTAFOGO,Offensive,
435,"PRO FILHO DA PUTA QUE FINGIU UMA FALTA E DEU UMA PISCADINHA, PISCA AGORA FILHA DA PUTA!",Offensive,
437,"TAPETINHO √â MEU PERU, BOTAFOGO VAI TOMAR NO CU!",Offensive,
439,"Chame o Endrick, covarde",Offensive,
441,E FALA BRASILEIRO ALIEN√çGENA FILHA DA PUTA,Offensive,
443,"o foda √© q a anta do juiz nem amarelo deu, ai contaminou a mente dos botafofenses q ja tao com sindrome de persegui√ß√£o ha meses",Offensive,
445,"COMENTA, SEUS SAFADO",Offensive,
447,"CHAMA O JUIZ AGORA VAR, CANALHA!",Offensive,
449,"DEPOIS DESSA MERECE PERDER O TITULO PRO TIME DO ENERG√âTICO, FILHOS DA PUTA",Offensive,
451,caralhooooo 4x3 puta q pariu botafogo eu te odeio time filho da puta,Offensive,
453,CARALHOOOO VAI TOMA NO CU BOTAFOGO,Offensive,
455,Vai entender essa porra desse time,Offensive,
457,"VAI SE FUDER, √â CONTRA TUDO E CONTRA TODOS MESMO, VAI TOMAR NO CU, QUE ARBITRAGEM VERGONHOSA",Offensive,
459,Vai roubar na pqp. Vermelho?! Vai se fude. Tem que lixar esse juiz,Offensive,
461,PEDRO CERTEZAS ENCONTRADO MORTO TENTANDO CHUPAR O PR√ìPRIO PAU,Offensive,
463,"Essa expuls√£o, feita pelo lixo humano do Sr Braulio Machado, √© um dos maiores esc√¢ndalos do futebol brasileiro.",Offensive,
465,VAI TOMAR NO CU J√öNIOR SANTOS,Offensive,
467,"Moleque branco rico e mimado n√£o vai ser preso mesmo, ent√£o por favor algu√©m amasse ele na porrada.",Offensive,
469,"Tinha que ser escola de rico metido, aqui onde eu moro vive tendo isso mas logo √© abafado",Offensive,
471,"Se os agressores s√£o os colegas de classe, eles tem entre 10 e 14 anos. N√£o s√£o particularmente genios do crime e sim mulekes punheteiros apaixonados pelas miguinhas de classe",Offensive,
473,Gra√ßas a Deus sofreu impeachment aquela burra,Offensive,
475,"O cara foi est√∫pido pra caralho, mas passou longe de ser pedofilo.",Offensive,
477,"Idiota √© quem da palco pra esses espertalh√µes das dancinhas. Culpa disso fazer sucesso √© porque tem otario que aplaude, depois ainda acha ruim.",Offensive,
479,"Sal√°rio m√≠nimo pra cargo pol√≠tico, comissionado e derivados, tira aposentadoria vital√≠cia pra pol√≠tico reeleito por 2 mandatos, tira pens√£o vital√≠cia pra filha de milico, diminui pela metade o teto do judici√°rio, diminui imposto, incentiva consumo que j√° sana a d√≠vida e ainda sobra dinheiro pra esse filho da puta enfiar no cu dele e at√© fazer um dedo novo.",Offensive,
481,Esperar o que de um lixo como esse?,Offensive,
483,"AHHHINNNN MAS O BOZO √â MUITO ESTUPIDO, ELE FERE A MINHA EXISTENCIA",Offensive,
485,Foi o Mula que mandou essa.,Offensive,
487,"O ciclo do fracasso, o povo idiota vota em lixos improdutivos, lixos improdutivos roubam do povo alegando """"melhorar a vida do povo"""" e o povo aceita isso e continua a votar nos lixos improdutivos acreditando que isso ir√° mudar pra melhor em algum momento ü§°",Offensive,
489,"Eu fui num show do Maroon5 no Allianz e esses caras abriram, √© ruim, muito ruim, pior do que encoxar a m√£e no tanque.",Offensive,
491,"Acho porco, √© porco, n√£o me venham com essa seus fedidos",Offensive,
493,"N√£o, eu soou como um porco fedor pra cacete",Offensive,
495,Chega de dar palco pra esse retardado,Offensive,
497,"Mas que mulher burra ela n√£o sabe que mulher se alistar, √© ponto facultativo",Offensive,
499,Esse cara √© o pr√≥prio antibuceta n√©? O intransit√°vel,Offensive,
501,Seja homem e v√° l√° foder ela voc√™ mesmo porra!,Offensive,
503,Engra√ßado isso vir de um vagabundo que largou faculdade e nunca trabalhou na vida.,Offensive,
505,Pau no c√∫ do jornalista tbm,Offensive,
507,S√≥ tem burro aqui puta que pariu KKKKKKKKKK intank√°vel,Offensive,
509,V√° lavar as tetas com kisuco mulher,Offensive,
511,"Marmita de estuprador terrorista que corta a cabe√ßa de crian√ßa, manda ela colocar as vezes que a Palestina fez isso! E ainda fala bost4!",Offensive,
513,O povo aqui √© muito burro kkkkkkkk,Offensive,
515,Eu vou estar do lado que pimbam as robozinhas,Offensive,
517,Eu acho o ser humano t√£o fdp que √© capaz eu defender computador,Offensive,
519,"Concordo se fuder, robo n√£o precisa parecer humano porra nenhuma, robo n√£o precisa fica fazendo deseinho robo tem que ser uns bicho quadrado que faz os trabalho que ninguem gosta enquanto a gente faz as pintura, eu vou estar queimando os robos",Offensive,
521,Ah mas meu sonho molhado √© esse desgra√ßado fazer um governo decente e arrumar a Argentina (s√≥ sonho mesmo porque ele √© dodoi das ideias),Offensive,
523,"E, obviamente convidaram at√© a puta que pariu",Offensive,
525,T√° f√°cil pra vagabundo,Offensive,
527,"Mano, serio mesmo, vcs s√£o o antro de todo. Um bando de idiotas que conseguiu convencer o resto do mundo da pior ideia possivel",Offensive,
529,"Tendo em vista que deve ser um pobre fudido, sim",Offensive,
531,Porteiro in√∫til,Offensive,
533,N√£o sei se √© burrice ou falta de informa√ß√£o sobre,Offensive,
535,√â pelas atitudes que se reconhece um covarde.,Offensive,
537,Bem feito pra esse lixo. Vai queimar no m√°rmore do inferno ele e o agressor. Sem fanatismo mas Deus v√™ tudo.,Offensive,
539,"Muleke babaca esse Meyniel, entrando no quarto de mulher pelad4! Sem no√ß√£o, inconveniente, apanhou foi pouco",Offensive,
541,Penca de corno,Offensive,
543,"O Filho da puta √© o √∫nico voto contra, mas ele consegue vetar.",Offensive,
545,"Caraca, tem filho da puta aqui",Offensive,
547,"Vamo explodir os EUA, foda-se",Offensive,
549,O que esperar do cafet√£o da puta que √© Israel,Offensive,
551,top 3 OPs mais burros do reddit,Offensive,
553,Que pa√≠s do caralho. Puta que me pariu..,Offensive,
555,AH! vai tomar no cu! precisar phd em alguma coisa para achar errado inocentes morrendo independentemente do motivo?,Offensive,
557,"E nego ainda vem com porra de narrativa retardada que o japao nao ia se render para justificar crime de guerra, sim claro que n√£o ia, sem d√∫vida acham que o samurais do Jap√£o feudal eram honrados tambem e n viviam traindo uns aos outros e trocando de lado quando o caldo azedava, e mesmo que realmente fosse o caso (nao √©),  s√©rio que a melhor solu√ß√£o era exterminar civis? Era mais f√°cil isso do q mandar um espi√£o infiltrado pra matar o imperador ?",Offensive,
559,"Vai tomar no cu, Policarpo Quaresma.",Offensive,
561,Pros macacos da esquerdolandia tudo que n√£o baixa cabe√ßa pra eles e sua agenda √© nazi,Offensive,
563,"Tu chupa muito √© pica, Luciano",Offensive,
565,O erro come√ßa em levar opini√£o pol√≠tica desse ot√°rio pra al√©m da casa dele.,Offensive,
567,huck pode chupar uma pica,Offensive,
602,"Vai te fuder, seu arrombado",Offensive,
604,"Enfia na sua bunda, fascista",Offensive,
606,"Gordo imundo, cala essa sua boca",Offensive,
608,Tinha que ser do Sergipe esse juiz ot√°rio que bloqueou o whatsapp,Offensive,
610,Tem que ser muito filho da puta para vir 1 da manha no pronto socorro por conta de uma infec√ß√£o urin√°ria,Offensive,
612,"Dois lixos de mulher, voc√™s s√£o uma vergonha",Offensive,
614,Bolsonaro √© meu piru,Offensive,
616,Bom dia negros fedidos,Offensive,
618,"Esquedistas de merda, calem essa boca",Offensive,
620,Tomara que sejam decapitados,Offensive,
622,"Poderiam fuzilar a m√£e, o padastro e os amigos que ouviam",Offensive,
624,Dois tiros resolvia tudo. Tem que matar os dois,Offensive,
626,"Bruno Alves foi rid√≠culo (como de costume), Grando foi rid√≠culo (como de costume)",Offensive,
628,"ELE TINHA QUE CABECEAR PRO LADO, JUVENIL DO CARALHO",Offensive,
630,"Bruno in√∫til Alves, √© um imbecil",Offensive,
632,50 MIL OTARIOS SENDO COMIDOS PELO ROMERO,Offensive,
634,QUE GOLEIRO HORR√çVEL VAI SE FODER,Offensive,
636,O Grando deve bater muito em mulher. Porque a bola vem do lado dele e ele d√° um tapa,Offensive,
638,"chata demais hein, ridicula",Offensive,
640,Quem √© esse imbecil ai?,Offensive,
642,Foda-se seu merda,Offensive,
644,Tem que matar uma pessoa dessas,Offensive,
646,Macaco. Tem que matar,Offensive,
648,Que peninha.. tomara que morra rs,Offensive,
650,"Voc√™ n√£o viu foi nada mequetrefe ....o pior ainda est√° por vir, arrombado",Offensive,
652,"Falou cedo demais, seu doente",Offensive,
654,"Chupa seus ot√°rio, tem que se fuder mesmo",Offensive,
656,Quem mandou ser baleia,Offensive,
658,Voc√™ √© t√£o feio e burro,Offensive,
660,"Parece uma orca, de t√£o grande",Offensive,
662,"Baleia horrorosa, para de mentir!",Offensive,
664,"Que juiz porco, vai se fuder",Offensive,
666,"Vai tomar no cu, bando de filhos da puta",Offensive,
668,Aaaaaaaaa que bando de imbecil,Offensive,
670,"Kkkkkkkkkkkkk eu nao sei o que √© pior, o √°rbitro ou esses caras do VAR. Pra que existe o VAR no Brasil? Se for pra ter esses animais ai, melhor retirar o VAR de uma vez por todas.",Offensive,
672,Esse filho da puta deu umas 10 faltas desta fora da √°rea!,Offensive,
674,cbf √© uma vergonha,Offensive,
676,Que vagabunda essa mulher,Offensive,
678,"Essa cara n√£o pode jogar no Gr√™mio, parece uma baleia de t√£o gordo",Offensive,
680,"Que time horroroso, tem mais √© que se fuder mesmo",Offensive,
682,"Bando de idiotas, n√£o tinha como dar certo",Offensive,
684,Tomar gol desse imundo ainda,Offensive,
686,"Muito melhor que o imbecil do Reinaldo, pode contratar",Offensive,
688,"Farid √© um velho gag√°, n√£o sabe mais o que fala",Offensive,
690,"Sempre a mesma hist√≥ria, t√©cnico burro e ruim",Offensive,
692,"Tinha que morrer, todos",Offensive,
694,"Voc√™ sofreu pouco, animal",Offensive,
696,"Essa ai se faz se salame, quer pika e n√£o sabe pedir",Offensive,
698,Esse animal ai n√£o sabe nem o nome dele,Offensive,
700,"Bando de bunda mole. Um pior que o outro, dire√ß√£o p√≠fia",Offensive,
701,curtindo sem preocupa√ß√µes,Non-offensive,
703,e eles est√£o vivendo suas melhores vidas,Non-offensive,
705,Que situa√ß√£o complicada!,Non-offensive,
707,Fofocalizando sempre tentando surfar no hype,Non-offensive,
709,Ele √© genial,Non-offensive,
711,Isso aqui n√£o tem discuss√£o n√© pessoal,Non-offensive,
713,Quando o assunto √© festa na arquibancada a torcida do Gr√™mio DE LONGE √© a melhor do pa√≠s,Non-offensive,
715,seria se a do vasco e do Corinthians n√£o existissem,Non-offensive,
717,Bota mais de 20 mil na Arena uma vez a cada 10 jogos,Non-offensive,
719,S√≥ escuta trompete,Non-offensive,
721,"Para mim, √© o Fortaleza. E olha que eu sou torcedor do Vit√≥ria.",Non-offensive,
723,"S√≥ porque tu tem uma crian√ßa pra criar, vou ajudar",Non-offensive,
725,"Quem quer rir, tem que fazer rir..",Non-offensive,
727,"Me segue plan, sou seu f√£",Non-offensive,
729,Fazer muscula√ß√£o n√£o √© perigoso pra quem tem glaucoma?,Non-offensive,
731,Vov√≥ s√≥ se for a Mafalda.,Non-offensive,
733,Tattoo monstra!! Fez video dela?,Non-offensive,
735,E eu achando que a tattoo era efeito! Ou ser√° que √©?,Non-offensive,
737,O que o Cristo Redentor tem haver com isso?,Non-offensive,
739,"Esta √© ador√°vel dos f√£s, os f√£s realmente apreciam a cantora e espero que ela continue bem",Non-offensive,
741,eles juraram que ia sair de gra√ßa e bom grato kkkk,Non-offensive,
743,Ainda falam que ela n√£o tem relev√¢ncia,Non-offensive,
745,Mas fora isso respondo a maioria das d√∫vidas da galera sem problema nenhum,Non-offensive,
747,Meu Deus o Z√© Felipe todo acabado,Non-offensive,
749,eles parecem t√£o lindos,Non-offensive,
751,Acabei de notar que esta p√°gina parece estar t√£o interessada em assuntos amorosos,Non-offensive,
753,"Duvido muito que fiquem no meio da galera, e nem devem saber 3 m√∫sicas da Banda",Non-offensive,
755,Eu acho ele t√£o lindo,Non-offensive,
757,"obrigada por falar sobre o vestido vermelho choquei, n√£o teria notado",Non-offensive,
759,e cad√™ os famosos ch√¥?,Non-offensive,
761,Quem √© essa?,Non-offensive,
763,"eu felizmente n√£o tenho ideia de quem s√£o Virginia, Z√© Felipe e muito menos RBD",Non-offensive,
765,N√£o conhe√ßo essa,Non-offensive,
767,"Yudi Tamashiro afirma que Priscilla foi desviada da igreja, ap√≥s ""come√ßar a andar com o pessoal da Globo"".",Non-offensive,
769,"Confirmar informa√ß√µes que √© bom, nada n√©?",Non-offensive,
771,Ela vazando o √°udio pra engajar a m√∫sica nova,Non-offensive,
773,Muita coisa acontece nos relacionamentos.,Non-offensive,
775,"Ah, a arte da previsibilidade. Como n√£o poderia imaginar, mais um ca‚Å§‚Å§p√≠tulo da saga ""N√£o √© a primeira vez"". Quem diria, n√©? Estou come√ßando a suspeitar que ela armou tudo isso",Non-offensive,
777,a lu√≠sa quer mais galera,Non-offensive,
779,a vida deles deveria ser privada,Non-offensive,
781,n√£o h√° necessidade de estar em um relacionamento que √© t√≥xico,Non-offensive,
783,Como isso aconteceu?,Non-offensive,
785,"N√£o √© a primeira vez isso que voc√™ t√° fazendo comigo, voc√™ n√£o pode fazer o que quiser comigo",Non-offensive,
787,"E agora que voc√™s j√° sabem que essa informa√ß√£o n√£o √© verdadeira, j√° podem apagar!",Non-offensive,
789,"T√£o viajando. Isso foi quando ela namorou Carlos Massa, o ratinho",Non-offensive,
791,ela descobrindo que n√£o √© show de rebelde brasil,Non-offensive,
793,Obrigado pela not√≠cia,Non-offensive,
795,Quem que acompanha essa dai?,Non-offensive,
797,aposto que depois de saber disso minha nota do enem vai subir,Non-offensive,
799,Bom lateral,Non-offensive,
801,Ao inv√©s de tirar selfie deveria estar marcando o Romero,Non-offensive,
803,Segundo os sommelier de torcida n√£o pode. T√° errado,Non-offensive,
805,"Uma das loiras mais bonita do gr√™mio, talvez a mais bonita",Non-offensive,
807,"Que hist√≥ria √© essa de que o torcedor do interior √© culpado da derrota, algu√©m me explica, por favor!",Non-offensive,
809,"Fica tirando foto enquanto deveria t√° no lugar do grando, lament√°vel",Non-offensive,
811,Passei por voc√™ na Arena ontem‚Ä¶ apesar do jogo ter sido p√©ssimo,Non-offensive,
813,Ficou linda,Non-offensive,
815,Cuidados com os fiscais de torcida!,Non-offensive,
817,Os radicais s√£o radicais em quais pa√≠ses eles estiverem. Atacam tudo e a todos!,Non-offensive,
819,Seria uma √≥tima contrata√ß√£o,Non-offensive,
821,moro num pa√≠s tropical aben√ßoado por Deus e aquecido pelo capeta,Non-offensive,
823,"tava t√£o quente aqui em S√£o Paulo, que o peito do meu p√© literalmente queimou em 10 minutos eu andando de chinelo",Non-offensive,
825,"S√©rio? Nem percebi, meu ar condicionado fica ligado o dia todo",Non-offensive,
827,O aquecimento global est√° atingindo gravemente a terra,Non-offensive,
829,Prefiro o frio ao calor,Non-offensive,
831,E ningu√©m postou v√≠deo de ovo frito na rua ??,Non-offensive,
833,Aqui no interior do Rio tbm t√° um forno,Non-offensive,
835,√önico fato que me deixa feliz em saber que n√£o sou carioca,Non-offensive,
837,Eu nem sei contar at√© esse n√∫mero,Non-offensive,
839,pode reparar todo dia √© o dia mais quente no rio de janeiro,Non-offensive,
841,A√≠ que del√≠cia o ver√£o,Non-offensive,
843,Finamente sentiram o que o pessoal da Regi√£o Norte sente todos os dias,Non-offensive,
845,"N√£o s√≥ o Rio, t√° quente demais meu povo!",Non-offensive,
847,Nem estou com inveja.  Aqui no Cear√° est√° quase igual.,Non-offensive,
849,Aqui no Leblon n√£o sentimos calor,Non-offensive,
851,ele est√° cert√≠ssimo,Non-offensive,
853,As jovens querem,Non-offensive,
855,√â muito interessante ouvir isso!  Mas por que o Padre Omar est√° excluindo os coment√°rios?  Eu n√£o entendo,Non-offensive,
857,As pessoas t√™m suas pr√≥prias op√ß√µes para fazer,Non-offensive,
859,As jovens querem que o religioso libere a homenagem para cantora no monumento enquanto ela estiver no pa√≠s.,Non-offensive,
861,mas ele √© dono do cristo? achei que qualquer um com projetor poderia fazer isso sei l√°,Non-offensive,
863,Estamos com o padre,Non-offensive,
865,Esse povo perdeu a no√ß√£o,Non-offensive,
867,√â s√≥ liberar uns d√≥lares que ele aceitar na hora,Non-offensive,
869,Me poupe,Non-offensive,
871,"Seja resist√™ncia Padre, o povo de bem est√° com voc√™!",Non-offensive,
873,Portanto compete a choquei divulgar nesse instante quais s√£o as redes sociais do querido padre para que quem ainda n√£o se manifestou,Non-offensive,
875,"Do jeito que √© a fanbase, se n√£o liberar elas mesmas v√£o l√° pintar o Cristo.",Non-offensive,
877,"Durante a partida toda n√£o criaram nada, o var n√£o ajudou mas era obriga√ß√£o do time ganhar",Non-offensive,
879,"E aquele p√™nalti roubado da final do Gauch√£o, em que voc√™s silenciaram?",Non-offensive,
881,O Grando nunca prestou,Non-offensive,
883,Isso √© o time jogando sem o Suarez‚Ä¶,Non-offensive,
885,Parab√©ns aos envolvidos,Non-offensive,
887,esse mano aqui ficou famoso como?,Non-offensive,
889,Vai tomar outro golpe Scarpa,Non-offensive,
891,A pedida do Nottingham Forest √© de ‚Ç¨ 4 milh√µes,Non-offensive,
893,o Cruzeiro pagou 36 milh√µes de reais no Wesley,Non-offensive,
895,bom reserva pro arrascaeta,Non-offensive,
897,Pede logo pra doar o jogador.,Non-offensive,
899,S√≥ isso?  T√° mais barato que o L√©o Pel√©,Non-offensive,
